,id,new_spec,hydrogen,nitrogen,ammonia,iron,water,nickel,cobalt,magnesium silicate,iron silicate,aluminum,nickel-iron,platinum
0,a0003361,S,,,,,,,,1e-30,0,,,
1,a0025143,S,,,,,,,,1e-30,0,,,
2,a0089136,X,,,,88,,10,0.5,,,,,
3,a0099942,Sq,,,,,,,,1e-30,0,,,
4,a0101955,B,0.235,0.001,0.001,10,,,,,,,,
5,a0138404,X,,,,88,,10,0.5,,,,,
6,a0141424,Sq,,,,,,,,1e-30,0,,,
7,a0162173,Cg,0.235,0.001,0.001,0.166,0.2,0.014,0.002,,,,,
8,a0163899,S,,,,,,,,1e-30,0,,,
9,a0207945,B,0.235,0.001,0.001,10,,,,,,,,
10,a0208023,S,,,,,,,,1e-30,0,,,
11,a0216985,X,,,,88,,10,0.5,,,,,
12,a0225312,S,,,,,,,,1e-30,0,,,
13,a0228502,C,0.235,0.001,0.001,0.166,0.2,0.014,0.002,,,,,
14,a0251732,Cg,0.235,0.001,0.001,0.166,0.2,0.014,0.002,,,,,
15,a0292220,Sr,,,,,,,,1e-30,0,,,
16,a0309214,D,,,,,2.3e-05,,,,,,,
17,a0326354,K,0.235,0.001,0.001,0.083,0.1,0.007,0.001,,,,,
18,a0329437,S,,,,,,,,1e-30,0,,,
19,a0341843,Sk,,,,,,,,1e-30,0,,,
20,a0350462,X,,,,88,,10,0.5,,,,,
21,a0350523,X,,,,88,,10,0.5,,,,,
22,a0350751,Sk,,,,,,,,1e-30,0,,,
23,a0354182,Sq,,,,,,,,1e-30,0,,,
24,a0363305,S,,,,,,,,1e-30,0,,,
25,a0367943,S,,,,,,,,1e-30,0,,,
26,a0382875,Sq,,,,,,,,1e-30,0,,,
27,a0416186,Q,,,,,,,,,,,13.315,
28,a0417419,X,,,,88,,10,0.5,,,,,
29,a0424482,Sq,,,,,,,,1e-30,0,,,
30,a0429389,Ld,,,,,,,,1e-30,0,,,
31,a0433303,Sr,,,,,,,,1e-30,0,,,
32,a0433953,X,,,,88,,10,0.5,,,,,
33,a0443104,Sq,,,,,,,,1e-30,0,,,
34,a0450237,X,,,,88,,10,0.5,,,,,
35,a0451157,L,,,,,,,,1e-30,0,7,,
36,a0451370,S,,,,,,,,1e-30,0,,,
37,a0452807,Sq,,,,,,,,1e-30,0,,,
38,a0455415,S,,,,,,,,1e-30,0,,,
39,a0459200,Xc,,,,88,,10,0.5,,,,,0.005
40,a0459872,Sq,,,,,,,,1e-30,0,,,
41,a0469219,Q,,,,,,,,,,,13.315,
42,a0471240,X,,,,88,,10,0.5,,,,,
43,a0471984,S,,,,,,,,1e-30,0,,,
44,a0474158,S,,,,,,,,1e-30,0,,,
45,a0474163,Sr,,,,,,,,1e-30,0,,,
46,a0478784,X,,,,88,,10,0.5,,,,,
47,a0488615,S,,,,,,,,1e-30,0,,,
48,a0490581,Sq,,,,,,,,1e-30,0,,,
49,a0499998,L,,,,,,,,1e-30,0,7,,
50,a0508908,S,,,,,,,,1e-30,0,,,
51,a0510529,Sk,,,,,,,,1e-30,0,,,
52,a0518810,V,,,,,,,,1e-30,0,,,
53,bJ92J00D,K,0.235,0.001,0.001,0.083,0.1,0.007,0.001,,,,,
54,bJ93K00A,S,,,,,,,,1e-30,0,,,
55,bJ97U00R,L,,,,,,,,1e-30,0,7,,
56,bJ97Y09M,S,,,,,,,,1e-30,0,,,
57,bJ98K26Y,S,,,,,,,,1e-30,0,,,
58,bJ99A10O,S,,,,,,,,1e-30,0,,,
59,bJ99C09G,Xk,,,,88,,10,0.5,,,,,
60,bJ99N02W,Xe,,,,88,,10,0.5,,,,,
61,bJ99R32A,Sq,,,,,,,,1e-30,0,,,
62,bJ99S10F,V,,,,,,,,1e-30,0,,,
63,bJ99S10H,V,,,,,,,,1e-30,0,,,
64,bJ99V25W,Xc,,,,88,,10,0.5,,,,,0.005
65,bK00A06G,Sq,,,,,,,,1e-30,0,,,
66,bK00AK5E,S,,,,,,,,1e-30,0,,,
67,bK00SY4G,D,,,,,2.3e-05,,,,,,,
68,bK00U11K,Sq,,,,,,,,1e-30,0,,,
69,bK00W10G,X,,,,88,,10,0.5,,,,,
70,bK00YD4S,C,0.235,0.001,0.001,0.166,0.2,0.014,0.002,,,,,
71,bK01A43V,V,,,,,,,,1e-30,0,,,
72,bK01B16A,U,,,,,,,,,,,,
73,bK01B16B,Sq,,,,,,,,1e-30,0,,,
74,bK01C36Q,S,,,,,,,,1e-30,0,,,
75,bK01F85R,C,0.235,0.001,0.001,0.166,0.2,0.014,0.002,,,,,
76,bK01K18W,X,,,,88,,10,0.5,,,,,
77,bK01K20M,Sq,,,,,,,,1e-30,0,,,
78,bK01Q34C,Q,,,,,,,,,,,13.315,
79,bK01Q71E,X,,,,88,,10,0.5,,,,,
80,bK01QE2J,B,0.235,0.001,0.001,10,,,,,,,,
81,bK01T00D,X,,,,88,,10,0.5,,,,,
82,bK01V02E,T,,,,6,,,,,,,,
83,bK02A31L,X,,,,88,,10,0.5,,,,,
84,bK02B25F,Sr,,,,,,,,1e-30,0,,,
85,bK02G00R,O,,,,,,,,,,,2.965,1.25
86,bK02JA0R,Sk,,,,,,,,1e-30,0,,,
87,bK02L00W,Sq,,,,,,,,1e-30,0,,,
88,bK02T66Z,X,,,,88,,10,0.5,,,,,
89,bK02T69S,S,,,,,,,,1e-30,0,,,
90,bK02V91X,B,0.235,0.001,0.001,10,,,,,,,,
91,bK02VB4U,Sl,,,,,,,,1e-30,0,,,
92,bK03C04A,Xc,,,,88,,10,0.5,,,,,0.005
93,bK03E16Z,S,,,,,,,,1e-30,0,,,
94,bK03H42T,S,,,,,,,,1e-30,0,,,
95,bK03L00H,Xk,,,,88,,10,0.5,,,,,
96,bK03L06N,X,,,,88,,10,0.5,,,,,
97,bK03R11U,Sk,,,,,,,,1e-30,0,,,
98,bK03S84M,L,,,,,,,,1e-30,0,7,,
99,bK03W00E,S,,,,,,,,1e-30,0,,,
100,bK04A00D,S,,,,,,,,1e-30,0,,,
101,bK04B01Y,D,,,,,2.3e-05,,,,,,,
102,bK04B11H,Sq,,,,,,,,1e-30,0,,,
103,bK04B18V,Sq,,,,,,,,1e-30,0,,,
104,bK04E20O,Xc,,,,88,,10,0.5,,,,,0.005
105,bK04E21R,Sq,,,,,,,,1e-30,0,,,
106,bK04E22U,Q,,,,,,,,,,,13.315,
107,bK04F00H,Sq,,,,,,,,1e-30,0,,,
108,bK04H01Q,Sq,,,,,,,,1e-30,0,,,
109,bK04J01N,S,,,,,,,,1e-30,0,,,
110,bK04O10W,S,,,,,,,,1e-30,0,,,
111,bK04S00R,Sq,,,,,,,,1e-30,0,,,
112,bK04V01J,Ch,0.235,0.001,0.001,0.166,0.2,0.014,0.002,,,,,
113,bK04W01H,S,,,,,,,,1e-30,0,,,
114,bK04X00G,S,,,,,,,,1e-30,0,,,
115,bK04X03K,C,0.235,0.001,0.001,0.166,0.2,0.014,0.002,,,,,
116,bK04X51D,S,,,,,,,,1e-30,0,,,
117,bK05B28G,Sq,,,,,,,,1e-30,0,,,
118,bK05E70R,C,0.235,0.001,0.001,0.166,0.2,0.014,0.002,,,,,
119,bK05E94H,S,,,,,,,,1e-30,0,,,
120,bK05E95R,Sr,,,,,,,,1e-30,0,,,
121,bK05F00G,Sk,,,,,,,,1e-30,0,,,
122,bK05F00J,Ld,,,,,,,,1e-30,0,,,
123,bK05H04B,Q,,,,,,,,,,,13.315,
124,bK05K00A,X,,,,88,,10,0.5,,,,,
125,bK05O03H,Sr,,,,,,,,1e-30,0,,,
126,bK05R03K,X,,,,88,,10,0.5,,,,,
127,bK05T45F,S,,,,,,,,1e-30,0,,,
128,bK05T50G,Sq,,,,,,,,1e-30,0,,,
129,bK05U05G,S,,,,,,,,1e-30,0,,,
130,bK05W00A,S,,,,,,,,1e-30,0,,,
131,bK05Y01Y,S,,,,,,,,1e-30,0,,,
132,bK05Y37A,V,,,,,,,,1e-30,0,,,
133,bK06B07X,S,,,,,,,,1e-30,0,,,
134,bK06B55J,Sq,,,,,,,,1e-30,0,,,
135,bK06BE7Z,Xc,,,,88,,10,0.5,,,,,0.005
136,bK06C00K,L,,,,,,,,1e-30,0,7,,
137,bK06C00T,C,0.235,0.001,0.001,0.166,0.2,0.014,0.002,,,,,
138,bK06C09L,Sq,,,,,,,,1e-30,0,,,
139,bK06D00X,X,,,,88,,10,0.5,,,,,
140,bK06F36H,S,,,,,,,,1e-30,0,,,
141,bK06G00B,K,0.235,0.001,0.001,0.083,0.1,0.007,0.001,,,,,
142,bK06G01B,Sq,,,,,,,,1e-30,0,,,
143,bK06H00C,C,0.235,0.001,0.001,0.166,0.2,0.014,0.002,,,,,
144,bK06H05Z,S,,,,,,,,1e-30,0,,,
145,bK06H50U,Xk,,,,88,,10,0.5,,,,,
146,bK06H50W,Sq,,,,,,,,1e-30,0,,,
147,bK06Q89V,L,,,,,,,,1e-30,0,7,,
148,bK06R01J,Ch,0.235,0.001,0.001,0.166,0.2,0.014,0.002,,,,,
149,bK06S05Y,Sk,,,,,,,,1e-30,0,,,
150,bK06S19P,X,,,,88,,10,0.5,,,,,
151,bK06V13P,V,,,,,,,,1e-30,0,,,
152,bK06W00B,Xk,,,,88,,10,0.5,,,,,
153,bK06X00W,O,,,,,,,,,,,2.965,1.25
154,bK06X04P,S,,,,,,,,1e-30,0,,,
155,bK06X04W,Sr,,,,,,,,1e-30,0,,,
156,bK06Y00M,Sr,,,,,,,,1e-30,0,,,
157,bK06Y00P,X,,,,88,,10,0.5,,,,,
158,bK07A02A,Q,,,,,,,,,,,13.315,
159,bK07C05S,Sq,,,,,,,,1e-30,0,,,
160,bK07C26M,S,,,,,,,,1e-30,0,,,
161,bK07E00C,Sq,,,,,,,,1e-30,0,,,
162,bK07H00C,Sk,,,,,,,,1e-30,0,,,
163,bK07H04L,S,,,,,,,,1e-30,0,,,
164,bK07P09S,Cb,0.235,0.001,0.001,0.083,0.1,0.007,0.001,,,,,
165,bK07R08X,Q,,,,,,,,,,,13.315,
166,bK07R12T,S,,,,,,,,1e-30,0,,,
167,bK07R17O,C,0.235,0.001,0.001,0.166,0.2,0.014,0.002,,,,,
168,bK07S06Q,X,,,,88,,10,0.5,,,,,
169,bK07T03H,V,,,,,,,,1e-30,0,,,
170,bK07T15F,S,,,,,,,,1e-30,0,,,
171,bK07T71E,S,,,,,,,,1e-30,0,,,
172,bK07U01W,Sk,,,,,,,,1e-30,0,,,
173,bK07U01Y,C,0.235,0.001,0.001,0.166,0.2,0.014,0.002,,,,,
174,bK07U06P,V,,,,,,,,1e-30,0,,,
175,bK07V83V,Sq,,,,,,,,1e-30,0,,,
176,bK07W00A,B,0.235,0.001,0.001,10,,,,,,,,
177,bK07Y00F,Sk,,,,,,,,1e-30,0,,,
178,bK07Y01J,X,,,,88,,10,0.5,,,,,
179,bK07Y56T,Xk,,,,88,,10,0.5,,,,,
180,bK08A04G,Q,,,,,,,,,,,13.315,
181,bK08B02T,C,0.235,0.001,0.001,0.166,0.2,0.014,0.002,,,,,
182,bK08CB9K,Sq,,,,,,,,1e-30,0,,,
183,bK08D00B,S,,,,,,,,1e-30,0,,,
184,bK08E85J,X,,,,88,,10,0.5,,,,,
185,bK08F00O,O,,,,,,,,,,,2.965,1.25
186,bK08F06X,S,,,,,,,,1e-30,0,,,
187,bK08F07J,Xc,,,,88,,10,0.5,,,,,0.005
188,bK08J00E,X,,,,88,,10,0.5,,,,,
189,bK08L02G,Xc,,,,88,,10,0.5,,,,,0.005
190,bK08L02H,V,,,,,,,,1e-30,0,,,
191,bK08O10N,S,,,,,,,,1e-30,0,,,
192,bK08P02G,Sq,,,,,,,,1e-30,0,,,
193,bK08P04W,X,,,,88,,10,0.5,,,,,
194,bK08R01H,S,,,,,,,,1e-30,0,,,
195,bK08S00A,C,0.235,0.001,0.001,0.166,0.2,0.014,0.002,,,,,
196,bK08T03X,Sq,,,,,,,,1e-30,0,,,
197,bK08U03L,K,0.235,0.001,0.001,0.083,0.1,0.007,0.001,,,,,
198,bK08U95D,Sq,,,,,,,,1e-30,0,,,
199,bK08W94Y,C,0.235,0.001,0.001,0.166,0.2,0.014,0.002,,,,,
200,bK09B00G,Sq,,,,,,,,1e-30,0,,,
201,bK09B02F,K,0.235,0.001,0.001,0.083,0.1,0.007,0.001,,,,,
202,bK09B02W,Sq,,,,,,,,1e-30,0,,,
203,bK09C00V,Q,,,,,,,,,,,13.315,
204,bK09D04N,B,0.235,0.001,0.001,10,,,,,,,,
205,bK09D12C,X,,,,88,,10,0.5,,,,,
206,bK09D43A,Sr,,,,,,,,1e-30,0,,,
207,bK09F04X,Q,,,,,,,,,,,13.315,
208,bK09F32S,S,,,,,,,,1e-30,0,,,
209,bK09H00C,L,,,,,,,,1e-30,0,7,,
210,bK09H60E,Sq,,,,,,,,1e-30,0,,,
211,bK09K01Y,Xk,,,,88,,10,0.5,,,,,
212,bK09O05S,Sq,,,,,,,,1e-30,0,,,
213,bK09P00D,Sq,,,,,,,,1e-30,0,,,
214,bK09Q34E,X,,,,88,,10,0.5,,,,,
215,bK09R00H,Ld,,,,,,,,1e-30,0,,,
216,bK09R01T,X,,,,88,,10,0.5,,,,,
217,bK09S18J,Sk,,,,,,,,1e-30,0,,,
218,bK09T00P,Sr,,,,,,,,1e-30,0,,,
219,bK09U19Y,Cg,0.235,0.001,0.001,0.166,0.2,0.014,0.002,,,,,
220,bK09U87Z,Sa,,,,,,,,5e-31,0,,,
221,bK09WA5M,Sr,,,,,,,,1e-30,0,,,
222,bK09WA6C,S,,,,,,,,1e-30,0,,,
223,bK09Y00F,Sq,,,,,,,,1e-30,0,,,
224,bK09Y00S,S,,,,,,,,1e-30,0,,,
225,bK10C44O,Q,,,,,,,,,,,13.315,
226,bK10C55D,S,,,,,,,,1e-30,0,,,
227,bK10C55E,Q,,,,,,,,,,,13.315,
228,bK10E11X,C,0.235,0.001,0.001,0.166,0.2,0.014,0.002,,,,,
229,bK10E44N,T,,,,6,,,,,,,,
230,bK10F00T,S,,,,,,,,1e-30,0,,,
231,bK10F09V,Sq,,,,,,,,1e-30,0,,,
232,bK10G35C,S,,,,,,,,1e-30,0,,,
233,bK10H00A,S,,,,,,,,1e-30,0,,,
234,bK10J01K,V,,,,,,,,1e-30,0,,,
235,bK10J39T,Q,,,,,,,,,,,13.315,
236,bK10K07V,X,,,,88,,10,0.5,,,,,
237,bK10K37J,K,0.235,0.001,0.001,0.083,0.1,0.007,0.001,,,,,
238,bK10P49Y,S,,,,,,,,1e-30,0,,,
239,bK10S00F,Sq,,,,,,,,1e-30,0,,,
240,bK10S00J,C,0.235,0.001,0.001,0.166,0.2,0.014,0.002,,,,,
241,bK10S11X,B,0.235,0.001,0.001,10,,,,,,,,
242,bK10T00E,X,,,,88,,10,0.5,,,,,
243,bK10T19K,S,,,,,,,,1e-30,0,,,
244,bK10U00P,Xk,,,,88,,10,0.5,,,,,
245,bK10V01B,S,,,,,,,,1e-30,0,,,
246,bK10V11Z,S,,,,,,,,1e-30,0,,,
247,bK10W00B,Sl,,,,,,,,1e-30,0,,,
248,bK10W07R,S,,,,,,,,1e-30,0,,,
249,bK10W08U,V,,,,,,,,1e-30,0,,,
250,bK10W09A,L,,,,,,,,1e-30,0,7,,
251,bK10X03F,K,0.235,0.001,0.001,0.083,0.1,0.007,0.001,,,,,
252,bK11A03B,S,,,,,,,,1e-30,0,,,
253,bK11A04U,S,,,,,,,,1e-30,0,,,
254,bK11A23A,Sq,,,,,,,,1e-30,0,,,
255,bK11A24M,Sl,,,,,,,,1e-30,0,,,
256,bK11A37A,D,,,,,2.3e-05,,,,,,,
257,bK11A37B,O,,,,,,,,,,,2.965,1.25
258,bK11B40P,S,,,,,,,,1e-30,0,,,
259,bK11C02G,Sq,,,,,,,,1e-30,0,,,
260,bK11C07Y,D,,,,,2.3e-05,,,,,,,
261,bK11C14O,C,0.235,0.001,0.001,0.166,0.2,0.014,0.002,,,,,
262,bK11C22E,T,,,,6,,,,,,,,
263,bK11D00R,K,0.235,0.001,0.001,0.083,0.1,0.007,0.001,,,,,
264,bK11D00V,L,,,,,,,,1e-30,0,7,,
265,bK11D09T,Sr,,,,,,,,1e-30,0,,,
266,bK11E00K,X,,,,88,,10,0.5,,,,,
267,bK11E04S,K,0.235,0.001,0.001,0.083,0.1,0.007,0.001,,,,,
268,bK11E04X,Q,,,,,,,,,,,13.315,
269,bK11E41E,Sq,,,,,,,,1e-30,0,,,
270,bK11F09S,S,,,,,,,,1e-30,0,,,
271,bK11F29Q,V,,,,,,,,1e-30,0,,,
272,bK11G59R,S,,,,,,,,1e-30,0,,,
273,bK11G60D,K,0.235,0.001,0.001,0.083,0.1,0.007,0.001,,,,,
274,bK11H05N,Sq,,,,,,,,1e-30,0,,,
275,bK11H05O,Xk,,,,88,,10,0.5,,,,,
276,bK11H24O,Sk,,,,,,,,1e-30,0,,,
277,bK11H24P,C,0.235,0.001,0.001,0.166,0.2,0.014,0.002,,,,,
278,bK11L02Z,V,,,,,,,,1e-30,0,,,
279,bK11M01W,Sk,,,,,,,,1e-30,0,,,
280,bK11M03Q,X,,,,88,,10,0.5,,,,,
281,bK11O57B,X,,,,88,,10,0.5,,,,,
282,bK11SI9H,C,0.235,0.001,0.001,0.166,0.2,0.014,0.002,,,,,
283,bK11U10K,Sl,,,,,,,,1e-30,0,,,
284,bK11U63P,Sk,,,,,,,,1e-30,0,,,
285,bK11U63V,Q,,,,,,,,,,,13.315,
286,bK11UR5X,X,,,,88,,10,0.5,,,,,
287,bK11UT2C,O,,,,,,,,,,,2.965,1.25
288,bK11W02U,X,,,,88,,10,0.5,,,,,
289,bK11Y10P,S,,,,,,,,1e-30,0,,,
290,bK11Y62T,S,,,,,,,,1e-30,0,,,
291,bK11Y74U,S,,,,,,,,1e-30,0,,,
292,bK12B01N,Xc,,,,88,,10,0.5,,,,,0.005
293,bK12B13V,K,0.235,0.001,0.001,0.083,0.1,0.007,0.001,,,,,
294,bK12B14B,Q,,,,,,,,,,,13.315,
295,bK12B35A,Sq,,,,,,,,1e-30,0,,,
296,bK12C46P,Xc,,,,88,,10,0.5,,,,,0.005
297,bK12D04K,Q,,,,,,,,,,,13.315,
298,bK12D30S,S,,,,,,,,1e-30,0,,,
299,bK12D32Y,S,,,,,,,,1e-30,0,,,
300,bK12D60T,C,0.235,0.001,0.001,0.166,0.2,0.014,0.002,,,,,
301,bK12E00C,U,,,,,,,,,,,,
302,bK12F23V,C,0.235,0.001,0.001,0.166,0.2,0.014,0.002,,,,,
303,bK12F35X,S,,,,,,,,1e-30,0,,,
304,bK12G05A,Sr,,,,,,,,1e-30,0,,,
305,bK12G11V,Sq,,,,,,,,1e-30,0,,,
306,bK12H00M,B,0.235,0.001,0.001,10,,,,,,,,
307,bK12H02B,S,,,,,,,,1e-30,0,,,
308,bK12H25C,Sq,,,,,,,,1e-30,0,,,
309,bK12H31H,X,,,,88,,10,0.5,,,,,
310,bK12H31K,K,0.235,0.001,0.001,0.083,0.1,0.007,0.001,,,,,
311,bK12K04B,D,,,,,2.3e-05,,,,,,,
312,bK12L04F,X,,,,88,,10,0.5,,,,,
313,bK12M07D,S,,,,,,,,1e-30,0,,,
314,bK12P20B,Sl,,,,,,,,1e-30,0,,,
315,bK12TN1P,S,,,,,,,,1e-30,0,,,
316,bK12U34E,S,,,,,,,,1e-30,0,,,
317,bK12U68U,Q,,,,,,,,,,,13.315,
318,bK12U68W,Sq,,,,,,,,1e-30,0,,,
319,bK12U68X,S,,,,,,,,1e-30,0,,,
320,bK12U68Y,S,,,,,,,,1e-30,0,,,
321,bK12UD6X,Q,,,,,,,,,,,13.315,
322,bK12UH1K,Sl,,,,,,,,1e-30,0,,,
323,bK12V05K,B,0.235,0.001,0.001,10,,,,,,,,
324,bK12V06M,Sq,,,,,,,,1e-30,0,,,
325,bK12W00H,Sq,,,,,,,,1e-30,0,,,
326,bK12X55F,S,,,,,,,,1e-30,0,,,
327,bK12XD2Z,S,,,,,,,,1e-30,0,,,
328,bK12Y07D,K,0.235,0.001,0.001,0.083,0.1,0.007,0.001,,,,,
329,bK13A27T,Sq,,,,,,,,1e-30,0,,,
330,bK13A53G,X,,,,88,,10,0.5,,,,,
331,bK13C87W,Sq,,,,,,,,1e-30,0,,,
332,bK13D00B,X,,,,88,,10,0.5,,,,,
333,bK13E89M,S,,,,,,,,1e-30,0,,,
334,bK13G03N,V,,,,,,,,1e-30,0,,,
335,bK13H00O,Sq,,,,,,,,1e-30,0,,,
336,bK13H11O,S,,,,,,,,1e-30,0,,,
337,bK13H11P,Q,,,,,,,,,,,13.315,
338,bK13J07O,S,,,,,,,,1e-30,0,,,
339,bK13P07A,S,,,,,,,,1e-30,0,,,
340,bK13P38Y,Xe,,,,88,,10,0.5,,,,,
341,bK13P39A,Sq,,,,,,,,1e-30,0,,,
342,bK13Q10M,Sk,,,,,,,,1e-30,0,,,
343,bK13R09V,Sr,,,,,,,,1e-30,0,,,
344,bK13S20B,V,,,,,,,,1e-30,0,,,
345,bK13S20M,S,,,,,,,,1e-30,0,,,
346,bK13U01S,S,,,,,,,,1e-30,0,,,
347,bK13U03B,Sr,,,,,,,,1e-30,0,,,
348,bK13U09M,A,,,,,,,,,,,,
349,bK13V13M,K,0.235,0.001,0.001,0.083,0.1,0.007,0.001,,,,,
350,bK13W44A,S,,,,,,,,1e-30,0,,,
351,bK13X20Y,Xc,,,,88,,10,0.5,,,,,0.005
352,bK13X22A,Sr,,,,,,,,1e-30,0,,,
353,bK13Y00G,U,,,,,,,,,,,,
354,bK13Y02M,Sq,,,,,,,,1e-30,0,,,
355,bK13Y02R,R,,,,,,,,1e-30,0,,,
356,bK14A05G,S,,,,,,,,1e-30,0,,,
357,bK14B32T,Sl,,,,,,,,1e-30,0,,,
358,bK14C13H,S,,,,,,,,1e-30,0,,,
359,bK14C13S,Sq,,,,,,,,1e-30,0,,,
360,bK14D00Q,S,,,,,,,,1e-30,0,,,
361,bK14D23F,A,,,,,,,,,,,,
362,bK14DB0V,Sq,,,,,,,,1e-30,0,,,
363,bK14DB2D,O,,,,,,,,,,,2.965,1.25
364,bK14F37R,X,,,,88,,10,0.5,,,,,
365,bK14F38K,X,,,,88,,10,0.5,,,,,
366,bK14F43Z,S,,,,,,,,1e-30,0,,,
367,bK14F44A,K,0.235,0.001,0.001,0.083,0.1,0.007,0.001,,,,,
368,bK14F47P,S,,,,,,,,1e-30,0,,,
369,bK14G01J,S,,,,,,,,1e-30,0,,,
370,bK14G34D,S,,,,,,,,1e-30,0,,,
371,bK14H02O,Sq,,,,,,,,1e-30,0,,,
372,bK14HC3H,Sq,,,,,,,,1e-30,0,,,
373,bK14J54V,V,,,,,,,,1e-30,0,,,
374,bK14J54X,Sq,,,,,,,,1e-30,0,,,
375,bK14J55J,A,,,,,,,,,,,,
376,bK14K39F,Xc,,,,88,,10,0.5,,,,,0.005
377,bK14L21K,K,0.235,0.001,0.001,0.083,0.1,0.007,0.001,,,,,
378,bK14L26L,Sq,,,,,,,,1e-30,0,,,
379,bK14M00P,S,,,,,,,,1e-30,0,,,
380,bK14M06A,S,,,,,,,,1e-30,0,,,
381,bK14M17Z,S,,,,,,,,1e-30,0,,,
382,bK14N52L,Xk,,,,88,,10,0.5,,,,,
383,bK14N64Z,X,,,,88,,10,0.5,,,,,
384,bK14O03V,Q,,,,,,,,,,,13.315,
385,bK14O04C,X,,,,88,,10,0.5,,,,,
386,bK14Q33H,Q,,,,,,,,,,,13.315,
387,bK14Q33J,S,,,,,,,,1e-30,0,,,
388,bK14S01L,Sq,,,,,,,,1e-30,0,,,
389,bK14S01U,S,,,,,,,,1e-30,0,,,
390,bK14SE3T,Sq,,,,,,,,1e-30,0,,,
391,bK14SQ2J,Sk,,,,,,,,1e-30,0,,,
392,bK14SU4D,Sq,,,,,,,,1e-30,0,,,
393,bK14T00U,C,0.235,0.001,0.001,0.166,0.2,0.014,0.002,,,,,
394,bK14U00Y,D,,,,,2.3e-05,,,,,,,
395,bK14U07X,Sk,,,,,,,,1e-30,0,,,
396,bK14U34V,Sq,,,,,,,,1e-30,0,,,
397,bK14UB4N,S,,,,,,,,1e-30,0,,,
398,bK14V02G,Sk,,,,,,,,1e-30,0,,,
399,bK14W05C,X,,,,88,,10,0.5,,,,,
400,bK14WK1F,Q,,,,,,,,,,,13.315,
401,bK14WK2W,V,,,,,,,,1e-30,0,,,
402,bK14Y00D,S,,,,,,,,1e-30,0,,,
403,bK14Y00F,Sq,,,,,,,,1e-30,0,,,
404,bK14Y00N,Sk,,,,,,,,1e-30,0,,,
405,bK14Y34T,X,,,,88,,10,0.5,,,,,
406,bK15A44D,S,,,,,,,,1e-30,0,,,
407,bK15B92G,O,,,,,,,,,,,2.965,1.25
408,bK15Bp0M,C,0.235,0.001,0.001,0.166,0.2,0.014,0.002,,,,,
409,bK15DK0K,V,,,,,,,,1e-30,0,,,
410,bK15DL5J,S,,,,,,,,1e-30,0,,,
411,bK15E07F,X,,,,88,,10,0.5,,,,,
412,bK15E07O,X,,,,88,,10,0.5,,,,,
413,bK15E07Q,Sr,,,,,,,,1e-30,0,,,
414,bK15F33N,Sq,,,,,,,,1e-30,0,,,
415,bK15F36G,Sk,,,,,,,,1e-30,0,,,
416,bK15FS4X,Xk,,,,88,,10,0.5,,,,,
417,bK15FY1A,Sl,,,,,,,,1e-30,0,,,
418,bK15HI2Q,Q,,,,,,,,,,,13.315,
419,bK15J03D,Sq,,,,,,,,1e-30,0,,,
420,bK15K00J,Xk,,,,88,,10,0.5,,,,,
421,bK15K19F,Q,,,,,,,,,,,13.315,
422,bK15KC0R,V,,,,,,,,1e-30,0,,,
423,bK15KC1T,S,,,,,,,,1e-30,0,,,
424,bK15KF4U,T,,,,6,,,,,,,,
425,bK15L00J,S,,,,,,,,1e-30,0,,,
426,bK15L21E,X,,,,88,,10,0.5,,,,,
427,bK15L24V,S,,,,,,,,1e-30,0,,,
428,bK15M00C,L,,,,,,,,1e-30,0,7,,
429,bK15M54B,S,,,,,,,,1e-30,0,,,
430,bK15N13G,Sq,,,,,,,,1e-30,0,,,
431,bK15N14A,V,,,,,,,,1e-30,0,,,
432,bK15O00V,Sq,,,,,,,,1e-30,0,,,
433,bK15P57L,X,,,,88,,10,0.5,,,,,
434,bK15R01T,S,,,,,,,,1e-30,0,,,
435,bK15R35N,Sq,,,,,,,,1e-30,0,,,
436,bK15R36F,B,0.235,0.001,0.001,10,,,,,,,,
437,bK15R82T,X,,,,88,,10,0.5,,,,,
438,bK15R83W,Q,,,,,,,,,,,13.315,
439,bK15S02Z,Sq,,,,,,,,1e-30,0,,,
440,bK15T01J,Sk,,,,,,,,1e-30,0,,,
441,bK15T24Z,Sq,,,,,,,,1e-30,0,,,
442,bK15TE3M,V,,,,,,,,1e-30,0,,,
443,bK15TE4G,S,,,,,,,,1e-30,0,,,
444,bK15U51G,S,,,,,,,,1e-30,0,,,
445,bK15V00E,Sq,,,,,,,,1e-30,0,,,
446,bK15V00V,S,,,,,,,,1e-30,0,,,
447,bK15VA5E,S,,,,,,,,1e-30,0,,,
448,bK15VA5O,Ld,,,,,,,,1e-30,0,,,
449,bK15X00C,O,,,,,,,,,,,2.965,1.25
450,bK15X55K,Q,,,,,,,,,,,13.315,
451,bK15XC8P,K,0.235,0.001,0.001,0.083,0.1,0.007,0.001,,,,,
452,bK15XC8X,S,,,,,,,,1e-30,0,,,
453,bK15XZ2A,Sr,,,,,,,,1e-30,0,,,
454,bK15XZ2C,Sq,,,,,,,,1e-30,0,,,
455,bK15Xb9A,S,,,,,,,,1e-30,0,,,
456,bK15Y00K,S,,,,,,,,1e-30,0,,,
457,bK15Y00T,Sq,,,,,,,,1e-30,0,,,
458,bK15Y01A,Sr,,,,,,,,1e-30,0,,,
459,bK15Y01U,Q,,,,,,,,,,,13.315,
460,bK16A08T,U,,,,,,,,,,,,
461,bK16A09B,Sk,,,,,,,,1e-30,0,,,
462,bK16A65W,V,,,,,,,,1e-30,0,,,
463,bK16A65Z,Sq,,,,,,,,1e-30,0,,,
464,bK16AD1O,Q,,,,,,,,,,,13.315,
465,bK16AG5K,L,,,,,,,,1e-30,0,7,,
466,bK16AG5X,C,0.235,0.001,0.001,0.166,0.2,0.014,0.002,,,,,
467,bK16B14C,Sq,,,,,,,,1e-30,0,,,
468,bK16B14W,Sk,,,,,,,,1e-30,0,,,
469,bK16C29O,K,0.235,0.001,0.001,0.083,0.1,0.007,0.001,,,,,
470,bK16CD7F,Q,,,,,,,,,,,13.315,
471,bK16CJ3A,C,0.235,0.001,0.001,0.166,0.2,0.014,0.002,,,,,
472,bK16CJ4F,C,0.235,0.001,0.001,0.166,0.2,0.014,0.002,,,,,
473,bK16CO6O,Q,,,,,,,,,,,13.315,
474,bK16CO6V,Sq,,,,,,,,1e-30,0,,,
475,bK16D00J,Sq,,,,,,,,1e-30,0,,,
476,bK16D02R,Sq,,,,,,,,1e-30,0,,,
477,bK16E85T,Xc,,,,88,,10,0.5,,,,,0.005
478,bK16E86F,Sq,,,,,,,,1e-30,0,,,
479,bK16EF6J,Sq,,,,,,,,1e-30,0,,,
480,bK16F00A,S,,,,,,,,1e-30,0,,,
481,bK16F02X,S,,,,,,,,1e-30,0,,,
482,bK16F02Y,Sq,,,,,,,,1e-30,0,,,
483,bK16F12B,D,,,,,2.3e-05,,,,,,,
484,bK16F12P,Ch,0.235,0.001,0.001,0.166,0.2,0.014,0.002,,,,,
485,bK16F13S,S,,,,,,,,1e-30,0,,,
486,bK16F14T,L,,,,,,,,1e-30,0,7,,
487,bK16F39H,B,0.235,0.001,0.001,10,,,,,,,,
488,bK16G02N,V,,,,,,,,1e-30,0,,,
489,bK16G03A,Sq,,,,,,,,1e-30,0,,,
490,bK16GD4D,Xk,,,,88,,10,0.5,,,,,
491,bK16GD4M,S,,,,,,,,1e-30,0,,,
492,bK16GM1W,S,,,,,,,,1e-30,0,,,
493,bK16GM2L,C,0.235,0.001,0.001,0.166,0.2,0.014,0.002,,,,,
494,bK16H03L,S,,,,,,,,1e-30,0,,,
495,bK16J06F,Sq,,,,,,,,1e-30,0,,,
496,bK16J24X,Xe,,,,88,,10,0.5,,,,,
497,bK16J38R,Sq,,,,,,,,1e-30,0,,,
498,bK16L10K,S,,,,,,,,1e-30,0,,,
499,bK16N01C,Xe,,,,88,,10,0.5,,,,,
500,bK16N01D,Sl,,,,,,,,1e-30,0,,,
501,bK16N22V,C,0.235,0.001,0.001,0.166,0.2,0.014,0.002,,,,,
502,bK16N56J,S,,,,,,,,1e-30,0,,,
503,bK16P02D,Sq,,,,,,,,1e-30,0,,,
504,bK16P08C,S,,,,,,,,1e-30,0,,,
505,bK16R01Q,S,,,,,,,,1e-30,0,,,
506,bK16R34B,V,,,,,,,,1e-30,0,,,
507,bK16S02T,Sk,,,,,,,,1e-30,0,,,
508,bK16T11P,S,,,,,,,,1e-30,0,,,
509,bK16T11Q,K,0.235,0.001,0.001,0.083,0.1,0.007,0.001,,,,,
510,bK16T18B,S,,,,,,,,1e-30,0,,,
511,bK16T55G,V,,,,,,,,1e-30,0,,,
512,bK16U00E,S,,,,,,,,1e-30,0,,,
513,bK16U05O,O,,,,,,,,,,,2.965,1.25
514,bK16U35W,Cg,0.235,0.001,0.001,0.166,0.2,0.014,0.002,,,,,
515,bK16U41A,Xk,,,,88,,10,0.5,,,,,
516,bK16V01S,Q,,,,,,,,,,,13.315,
517,bK16V01Y,Q,,,,,,,,,,,13.315,
518,bK16W07G,Sl,,,,,,,,1e-30,0,,,
519,bK16W07L,Xk,,,,88,,10,0.5,,,,,
520,bK16W07S,O,,,,,,,,,,,2.965,1.25
521,bK16W07T,S,,,,,,,,1e-30,0,,,
522,bK16W08B,S,,,,,,,,1e-30,0,,,
523,bK16W08M,Sq,,,,,,,,1e-30,0,,,
524,bK16W48L,X,,,,88,,10,0.5,,,,,
525,bK16X23R,X,,,,88,,10,0.5,,,,,
526,bK16Y00E,Xk,,,,88,,10,0.5,,,,,
527,bK16Y00Q,S,,,,,,,,1e-30,0,,,
528,bK16Y01N,C,0.235,0.001,0.001,0.166,0.2,0.014,0.002,,,,,
529,bK16Y08F,Sq,,,,,,,,1e-30,0,,,
530,bK17A04R,S,,,,,,,,1e-30,0,,,
531,bK17A21E,Ld,,,,,,,,1e-30,0,,,
532,bK17A21G,V,,,,,,,,1e-30,0,,,
533,bK17B00W,Cb,0.235,0.001,0.001,0.083,0.1,0.007,0.001,,,,,
534,bK17B00Y,S,,,,,,,,1e-30,0,,,
535,bK17B29F,Q,,,,,,,,,,,13.315,
536,bK17B30F,V,,,,,,,,1e-30,0,,,
537,bK17B30L,S,,,,,,,,1e-30,0,,,
538,bK17B32M,Cg,0.235,0.001,0.001,0.166,0.2,0.014,0.002,,,,,
539,bK17B32N,Sq,,,,,,,,1e-30,0,,,
540,bK17B93N,Sq,,,,,,,,1e-30,0,,,
541,bK17B93V,S,,,,,,,,1e-30,0,,,
542,bK17C01Q,Q,,,,,,,,,,,13.315,
543,bK17D36A,K,0.235,0.001,0.001,0.083,0.1,0.007,0.001,,,,,
544,bK17D38B,C,0.235,0.001,0.001,0.166,0.2,0.014,0.002,,,,,
545,bK17E02U,Q,,,,,,,,,,,13.315,
546,bK17E03B,S,,,,,,,,1e-30,0,,,
547,bK17E03D,Ld,,,,,,,,1e-30,0,,,
548,bK17F00R,S,,,,,,,,1e-30,0,,,
549,bK17F02M,K,0.235,0.001,0.001,0.083,0.1,0.007,0.001,,,,,
550,bK17F03B,S,,,,,,,,1e-30,0,,,
551,bK17F63K,Sl,,,,,,,,1e-30,0,,,
552,bK17F64T,Sq,,,,,,,,1e-30,0,,,
553,bK17FA1P,S,,,,,,,,1e-30,0,,,
554,bK17FC7M,Sq,,,,,,,,1e-30,0,,,
555,bK17G04J,T,,,,6,,,,,,,,
556,bK17G04O,S,,,,,,,,1e-30,0,,,
557,bK17G06M,S,,,,,,,,1e-30,0,,,
558,bK17H01K,Sq,,,,,,,,1e-30,0,,,
559,bK17H02U,Sq,,,,,,,,1e-30,0,,,
560,bK17H03S,S,,,,,,,,1e-30,0,,,
561,bK17H03V,Xk,,,,88,,10,0.5,,,,,
562,bK17H04Z,Sr,,,,,,,,1e-30,0,,,
563,bK17H49E,Q,,,,,,,,,,,13.315,
564,bK17K05A,S,,,,,,,,1e-30,0,,,
565,bK17K27P,Sq,,,,,,,,1e-30,0,,,
566,bK17K34U,O,,,,,,,,,,,2.965,1.25
567,bK17L01E,Sq,,,,,,,,1e-30,0,,,
568,bK17M05A,Sr,,,,,,,,1e-30,0,,,
569,bK17O20E,S,,,,,,,,1e-30,0,,,
570,bK17P00E,Sq,,,,,,,,1e-30,0,,,
571,bK17P24S,Sl,,,,,,,,1e-30,0,,,
572,bK17P25V,X,,,,88,,10,0.5,,,,,
573,bK17Q00O,Q,,,,,,,,,,,13.315,
574,bK17Q02B,Sr,,,,,,,,1e-30,0,,,
575,bK17Q02P,V,,,,,,,,1e-30,0,,,
576,bK17R00K,S,,,,,,,,1e-30,0,,,
577,bK17R02P,S,,,,,,,,1e-30,0,,,
578,bK17S10N,S,,,,,,,,1e-30,0,,,
579,bK17S11U,Sq,,,,,,,,1e-30,0,,,
580,bK17S11Z,U,,,,,,,,,,,,
581,bK17S14F,Sr,,,,,,,,1e-30,0,,,
582,bK17S16L,S,,,,,,,,1e-30,0,,,
583,bK17S17V,Ch,0.235,0.001,0.001,0.166,0.2,0.014,0.002,,,,,
584,bK17S19V,Sk,,,,,,,,1e-30,0,,,
585,bK17S20B,Sr,,,,,,,,1e-30,0,,,
586,bK17S21O,K,0.235,0.001,0.001,0.083,0.1,0.007,0.001,,,,,
587,bK17U04Y,X,,,,88,,10,0.5,,,,,
588,bK17U05D,S,,,,,,,,1e-30,0,,,
589,bK17U05J,X,,,,88,,10,0.5,,,,,
590,bK17U07N,S,,,,,,,,1e-30,0,,,
591,bK17V01G,Sq,,,,,,,,1e-30,0,,,
592,bK17V13V,Sq,,,,,,,,1e-30,0,,,
593,bK17W13X,S,,,,,,,,1e-30,0,,,
594,bK17W14Z,Sq,,,,,,,,1e-30,0,,,
595,bK17W16J,Sq,,,,,,,,1e-30,0,,,
596,bK17W16O,Sq,,,,,,,,1e-30,0,,,
597,bK17X02S,S,,,,,,,,1e-30,0,,,
598,bK17X61N,Sk,,,,,,,,1e-30,0,,,
599,bK17X61R,Sq,,,,,,,,1e-30,0,,,
600,bK17X62C,Sq,,,,,,,,1e-30,0,,,
601,bK17Y01C,V,,,,,,,,1e-30,0,,,
602,bK17Y02C,Sq,,,,,,,,1e-30,0,,,
603,bK18A03F,V,,,,,,,,1e-30,0,,,
604,bK18A03G,Sq,,,,,,,,1e-30,0,,,
605,bK18A03L,S,,,,,,,,1e-30,0,,,
606,bK18A04B,Sq,,,,,,,,1e-30,0,,,
607,bK18A11W,V,,,,,,,,1e-30,0,,,
608,bK18B05G,Sa,,,,,,,,5e-31,0,,,
609,bK18B06Y,C,0.235,0.001,0.001,0.166,0.2,0.014,0.002,,,,,
610,bK18C00Y,Sq,,,,,,,,1e-30,0,,,
611,bK18C02S,Sq,,,,,,,,1e-30,0,,,
612,bK18C03Q,Sq,,,,,,,,1e-30,0,,,
613,bK18D00C,Sq,,,,,,,,1e-30,0,,,
614,bK18D01B,S,,,,,,,,1e-30,0,,,
615,bK18D01E,Sl,,,,,,,,1e-30,0,,,
616,bK18D01X,X,,,,88,,10,0.5,,,,,
617,bK18D03Y,Sq,,,,,,,,1e-30,0,,,
618,bK18E01R,Sl,,,,,,,,1e-30,0,,,
619,bK18E04L,Sl,,,,,,,,1e-30,0,,,
620,bK18E04M,Sq,,,,,,,,1e-30,0,,,
621,bK18F02B,Sq,,,,,,,,1e-30,0,,,
622,bK18F03O,Sq,,,,,,,,1e-30,0,,,
623,bK18F03V,S,,,,,,,,1e-30,0,,,
624,bK18G04F,S,,,,,,,,1e-30,0,,,
625,bK18G04S,Sr,,,,,,,,1e-30,0,,,
626,bK18H01W,Sk,,,,,,,,1e-30,0,,,
627,bK18J01O,Sl,,,,,,,,1e-30,0,,,
628,bK18J02K,Sr,,,,,,,,1e-30,0,,,
629,bK18K01D,Sq,,,,,,,,1e-30,0,,,
630,bK18K01P,Sq,,,,,,,,1e-30,0,,,
631,bK18K02C,Sq,,,,,,,,1e-30,0,,,
632,bK18L00B,S,,,,,,,,1e-30,0,,,
633,bK18L00C,V,,,,,,,,1e-30,0,,,
634,bK18L00M,C,0.235,0.001,0.001,0.166,0.2,0.014,0.002,,,,,
635,bK18L01C,Sq,,,,,,,,1e-30,0,,,
636,bK18L02M,S,,,,,,,,1e-30,0,,,
637,bK18L02Q,Sk,,,,,,,,1e-30,0,,,
638,bK18L03O,Sq,,,,,,,,1e-30,0,,,
639,bK18L05Q,Sa,,,,,,,,5e-31,0,,,
640,bK18M05Q,X,,,,88,,10,0.5,,,,,
641,bK18M07D,Q,,,,,,,,,,,13.315,
642,bK18N00E,S,,,,,,,,1e-30,0,,,
643,bK18N00V,S,,,,,,,,1e-30,0,,,
644,bK18N01Q,Sq,,,,,,,,1e-30,0,,,
645,bK18N01R,Xc,,,,88,,10,0.5,,,,,0.005
646,bK18N02T,Cb,0.235,0.001,0.001,0.083,0.1,0.007,0.001,,,,,
647,bK18P21K,Xc,,,,88,,10,0.5,,,,,0.005
648,bK18P23R,X,,,,88,,10,0.5,,,,,
649,bK18R00C,Sq,,,,,,,,1e-30,0,,,
650,bK18R01Q,X,,,,88,,10,0.5,,,,,
651,bK18R05O,Sq,,,,,,,,1e-30,0,,,
652,bK18S03B,Sk,,,,,,,,1e-30,0,,,
653,bK18S03F,Sq,,,,,,,,1e-30,0,,,
654,bK18T00A,Q,,,,,,,,,,,13.315,
655,bK18T00R,S,,,,,,,,1e-30,0,,,
656,bK18T01Z,Sk,,,,,,,,1e-30,0,,,
657,bK18T06D,S,,,,,,,,1e-30,0,,,
658,bK18U01M,Q,,,,,,,,,,,13.315,
